req_id,pos_fn_id,neg_fn_id
CS1000,CS_NoopCmd,CS_BackgroundEeprom
CS1000,CS_NoopCmd,CS_HandleTableUpdate
CS1001,CS_ResetCmd,CS_BackgroundOS
CS1001,CS_ResetCmd,CS_BackgroundCfeCore
CS1002,CS_VerifyCmdLength,CS_ProcessCmd
CS1002,CS_VerifyCmdLength,CS_AppInit
CS1002,CS_NoopCmd,CS_ProcessCmd
CS1002,CS_NoopCmd,CS_AppInit
CS1002,CS_ResetCmd,CS_ProcessCmd
CS1002,CS_ResetCmd,CS_AppInit
CS1002,CS_OneShotCmd,CS_ProcessCmd
CS1002,CS_OneShotCmd,CS_AppInit
CS1002,CS_CancelOneShotCmd,CS_ProcessCmd
CS1002,CS_CancelOneShotCmd,CS_AppInit
CS1002,CS_EnableAllCSCmd,CS_ProcessCmd
CS1002,CS_EnableAllCSCmd,CS_AppInit
CS1002,CS_DisableAllCSCmd,CS_ProcessCmd
CS1002,CS_DisableAllCSCmd,CS_AppInit
CS1002,CS_EnableCfeCoreCmd,CS_ProcessCmd
CS1002,CS_EnableCfeCoreCmd,CS_AppInit
CS1002,CS_DisableCfeCoreCmd,CS_ProcessCmd
CS1002,CS_DisableCfeCoreCmd,CS_AppInit
CS1002,CS_ReportBaselineCfeCoreCmd,CS_ProcessCmd
CS1002,CS_ReportBaselineCfeCoreCmd,CS_AppInit
CS1002,CS_RecomputeBaselineCfeCoreCmd,CS_ProcessCmd
CS1002,CS_RecomputeBaselineCfeCoreCmd,CS_AppInit
CS1002,CS_EnableOSCmd,CS_ProcessCmd
CS1002,CS_EnableOSCmd,CS_AppInit
CS1002,CS_DisableOSCmd,CS_ProcessCmd
CS1002,CS_DisableOSCmd,CS_AppInit
CS1002,CS_ReportBaselineOSCmd,CS_ProcessCmd
CS1002,CS_ReportBaselineOSCmd,CS_AppInit
CS1002,CS_RecomputeBaselineOSCmd,CS_ProcessCmd
CS1002,CS_RecomputeBaselineOSCmd,CS_AppInit
CS1002,CS_EnableEepromCmd,CS_ProcessCmd
CS1002,CS_EnableEepromCmd,CS_AppInit
CS1002,CS_DisableEepromCmd,CS_ProcessCmd
CS1002,CS_DisableEepromCmd,CS_AppInit
CS1002,CS_ReportBaselineEntryIDEepromCmd,CS_ProcessCmd
CS1002,CS_ReportBaselineEntryIDEepromCmd,CS_AppInit
CS1002,CS_RecomputeBaselineEepromCmd,CS_ProcessCmd
CS1002,CS_RecomputeBaselineEepromCmd,CS_AppInit
CS1002,CS_EnableEntryIDEepromCmd,CS_ProcessCmd
CS1002,CS_EnableEntryIDEepromCmd,CS_AppInit
CS1002,CS_DisableEntryIDEepromCmd,CS_ProcessCmd
CS1002,CS_DisableEntryIDEepromCmd,CS_AppInit
CS1002,CS_GetEntryIDEepromCmd,CS_ProcessCmd
CS1002,CS_GetEntryIDEepromCmd,CS_AppInit
CS1002,CS_EnableMemoryCmd,CS_ProcessCmd
CS1002,CS_EnableMemoryCmd,CS_AppInit
CS1002,CS_DisableMemoryCmd,CS_ProcessCmd
CS1002,CS_DisableMemoryCmd,CS_AppInit
CS1002,CS_ReportBaselineEntryIDMemoryCmd,CS_ProcessCmd
CS1002,CS_ReportBaselineEntryIDMemoryCmd,CS_AppInit
CS1002,CS_RecomputeBaselineMemoryCmd,CS_ProcessCmd
CS1002,CS_RecomputeBaselineMemoryCmd,CS_AppInit
CS1002,CS_EnableEntryIDMemoryCmd,CS_ProcessCmd
CS1002,CS_EnableEntryIDMemoryCmd,CS_AppInit
CS1002,CS_DisableEntryIDMemoryCmd,CS_ProcessCmd
CS1002,CS_DisableEntryIDMemoryCmd,CS_AppInit
CS1002,CS_GetEntryIDMemoryCmd,CS_ProcessCmd
CS1002,CS_GetEntryIDMemoryCmd,CS_AppInit
CS1002,CS_EnableTablesCmd,CS_ProcessCmd
CS1002,CS_EnableTablesCmd,CS_AppInit
CS1002,CS_DisableTablesCmd,CS_ProcessCmd
CS1002,CS_DisableTablesCmd,CS_AppInit
CS1002,CS_ReportBaselineTableCmd,CS_ProcessCmd
CS1002,CS_ReportBaselineTableCmd,CS_AppInit
CS1002,CS_RecomputeBaselineTableCmd,CS_ProcessCmd
CS1002,CS_RecomputeBaselineTableCmd,CS_AppInit
CS1002,CS_EnableNameTableCmd,CS_ProcessCmd
CS1002,CS_EnableNameTableCmd,CS_AppInit
CS1002,CS_DisableNameTableCmd,CS_ProcessCmd
CS1002,CS_DisableNameTableCmd,CS_AppInit
CS1002,CS_EnableAppsCmd,CS_ProcessCmd
CS1002,CS_EnableAppsCmd,CS_AppInit
CS1002,CS_DisableAppsCmd,CS_ProcessCmd
CS1002,CS_DisableAppsCmd,CS_AppInit
CS1002,CS_ReportBaselineAppCmd,CS_ProcessCmd
CS1002,CS_ReportBaselineAppCmd,CS_AppInit
CS1002,CS_RecomputeBaselineAppCmd,CS_ProcessCmd
CS1002,CS_RecomputeBaselineAppCmd,CS_AppInit
CS1002,CS_EnableNameAppCmd,CS_ProcessCmd
CS1002,CS_EnableNameAppCmd,CS_AppInit
CS1002,CS_DisableNameAppCmd,CS_ProcessCmd
CS1002,CS_DisableNameAppCmd,CS_AppInit
CS1003,CS_NoopCmd,CS_BackgroundEeprom
CS1003,CS_NoopCmd,CS_ValidateAppChecksumDefinitionTable
CS1003,CS_ResetCmd,CS_BackgroundEeprom
CS1003,CS_ResetCmd,CS_ValidateAppChecksumDefinitionTable
CS1003,CS_OneShotCmd,CS_BackgroundEeprom
CS1003,CS_OneShotCmd,CS_ValidateAppChecksumDefinitionTable
CS1003,CS_CancelOneShotCmd,CS_BackgroundEeprom
CS1003,CS_CancelOneShotCmd,CS_ValidateAppChecksumDefinitionTable
CS1003,CS_EnableAllCSCmd,CS_BackgroundEeprom
CS1003,CS_EnableAllCSCmd,CS_ValidateAppChecksumDefinitionTable
CS1003,CS_DisableAllCSCmd,CS_BackgroundEeprom
CS1003,CS_DisableAllCSCmd,CS_ValidateAppChecksumDefinitionTable
CS1003,CS_EnableCfeCoreCmd,CS_BackgroundEeprom
CS1003,CS_EnableCfeCoreCmd,CS_ValidateAppChecksumDefinitionTable
CS1003,CS_DisableCfeCoreCmd,CS_BackgroundEeprom
CS1003,CS_DisableCfeCoreCmd,CS_ValidateAppChecksumDefinitionTable
CS1003,CS_ReportBaselineCfeCoreCmd,CS_BackgroundEeprom
CS1003,CS_ReportBaselineCfeCoreCmd,CS_ValidateAppChecksumDefinitionTable
CS1003,CS_RecomputeBaselineCfeCoreCmd,CS_BackgroundEeprom
CS1003,CS_RecomputeBaselineCfeCoreCmd,CS_ValidateAppChecksumDefinitionTable
CS1003,CS_EnableOSCmd,CS_BackgroundEeprom
CS1003,CS_EnableOSCmd,CS_ValidateAppChecksumDefinitionTable
CS1003,CS_DisableOSCmd,CS_BackgroundEeprom
CS1003,CS_DisableOSCmd,CS_ValidateAppChecksumDefinitionTable
CS1003,CS_ReportBaselineOSCmd,CS_BackgroundEeprom
CS1003,CS_ReportBaselineOSCmd,CS_ValidateAppChecksumDefinitionTable
CS1003,CS_RecomputeBaselineOSCmd,CS_BackgroundEeprom
CS1003,CS_RecomputeBaselineOSCmd,CS_ValidateAppChecksumDefinitionTable
CS1003,CS_EnableEepromCmd,CS_BackgroundEeprom
CS1003,CS_EnableEepromCmd,CS_ValidateAppChecksumDefinitionTable
CS1003,CS_DisableEepromCmd,CS_BackgroundEeprom
CS1003,CS_DisableEepromCmd,CS_ValidateAppChecksumDefinitionTable
CS1003,CS_ReportBaselineEntryIDEepromCmd,CS_BackgroundEeprom
CS1003,CS_ReportBaselineEntryIDEepromCmd,CS_ValidateAppChecksumDefinitionTable
CS1003,CS_RecomputeBaselineEepromCmd,CS_BackgroundEeprom
CS1003,CS_RecomputeBaselineEepromCmd,CS_ValidateAppChecksumDefinitionTable
CS1003,CS_EnableEntryIDEepromCmd,CS_BackgroundEeprom
CS1003,CS_EnableEntryIDEepromCmd,CS_ValidateAppChecksumDefinitionTable
CS1003,CS_DisableEntryIDEepromCmd,CS_BackgroundEeprom
CS1003,CS_DisableEntryIDEepromCmd,CS_ValidateAppChecksumDefinitionTable
CS1003,CS_GetEntryIDEepromCmd,CS_BackgroundEeprom
CS1003,CS_GetEntryIDEepromCmd,CS_ValidateAppChecksumDefinitionTable
CS1003,CS_EnableMemoryCmd,CS_BackgroundEeprom
CS1003,CS_EnableMemoryCmd,CS_ValidateAppChecksumDefinitionTable
CS1003,CS_DisableMemoryCmd,CS_BackgroundEeprom
CS1003,CS_DisableMemoryCmd,CS_ValidateAppChecksumDefinitionTable
CS1003,CS_ReportBaselineEntryIDMemoryCmd,CS_BackgroundEeprom
CS1003,CS_ReportBaselineEntryIDMemoryCmd,CS_ValidateAppChecksumDefinitionTable
CS1003,CS_RecomputeBaselineMemoryCmd,CS_BackgroundEeprom
CS1003,CS_RecomputeBaselineMemoryCmd,CS_ValidateAppChecksumDefinitionTable
CS1003,CS_EnableEntryIDMemoryCmd,CS_BackgroundEeprom
CS1003,CS_EnableEntryIDMemoryCmd,CS_ValidateAppChecksumDefinitionTable
CS1003,CS_DisableEntryIDMemoryCmd,CS_BackgroundEeprom
CS1003,CS_DisableEntryIDMemoryCmd,CS_ValidateAppChecksumDefinitionTable
CS1003,CS_GetEntryIDMemoryCmd,CS_BackgroundEeprom
CS1003,CS_GetEntryIDMemoryCmd,CS_ValidateAppChecksumDefinitionTable
CS1003,CS_EnableTablesCmd,CS_BackgroundEeprom
CS1003,CS_EnableTablesCmd,CS_ValidateAppChecksumDefinitionTable
CS1003,CS_DisableTablesCmd,CS_BackgroundEeprom
CS1003,CS_DisableTablesCmd,CS_ValidateAppChecksumDefinitionTable
CS1003,CS_ReportBaselineTableCmd,CS_BackgroundEeprom
CS1003,CS_ReportBaselineTableCmd,CS_ValidateAppChecksumDefinitionTable
CS1003,CS_RecomputeBaselineTableCmd,CS_BackgroundEeprom
CS1003,CS_RecomputeBaselineTableCmd,CS_ValidateAppChecksumDefinitionTable
CS1003,CS_EnableNameTableCmd,CS_BackgroundEeprom
CS1003,CS_EnableNameTableCmd,CS_ValidateAppChecksumDefinitionTable
CS1003,CS_DisableNameTableCmd,CS_BackgroundEeprom
CS1003,CS_DisableNameTableCmd,CS_ValidateAppChecksumDefinitionTable
CS1003,CS_EnableAppsCmd,CS_BackgroundEeprom
CS1003,CS_EnableAppsCmd,CS_ValidateAppChecksumDefinitionTable
CS1003,CS_DisableAppsCmd,CS_BackgroundEeprom
CS1003,CS_DisableAppsCmd,CS_ValidateAppChecksumDefinitionTable
CS1003,CS_ReportBaselineAppCmd,CS_BackgroundEeprom
CS1003,CS_ReportBaselineAppCmd,CS_ValidateAppChecksumDefinitionTable
CS1003,CS_RecomputeBaselineAppCmd,CS_BackgroundEeprom
CS1003,CS_RecomputeBaselineAppCmd,CS_ValidateAppChecksumDefinitionTable
CS1003,CS_EnableNameAppCmd,CS_BackgroundEeprom
CS1003,CS_EnableNameAppCmd,CS_ValidateAppChecksumDefinitionTable
CS1003,CS_DisableNameAppCmd,CS_BackgroundEeprom
CS1003,CS_DisableNameAppCmd,CS_ValidateAppChecksumDefinitionTable
CS1004,CS_ProcessCmd,CS_BackgroundEeprom
CS1004,CS_ProcessCmd,CS_AppInit
CS1004,CS_VerifyCmdLength,CS_BackgroundEeprom
CS1004,CS_VerifyCmdLength,CS_AppInit
CS1004,CS_NoopCmd,CS_BackgroundEeprom
CS1004,CS_NoopCmd,CS_AppInit
CS1004,CS_ResetCmd,CS_BackgroundEeprom
CS1004,CS_ResetCmd,CS_AppInit
CS1004,CS_OneShotCmd,CS_BackgroundEeprom
CS1004,CS_OneShotCmd,CS_AppInit
CS1004,CS_CancelOneShotCmd,CS_BackgroundEeprom
CS1004,CS_CancelOneShotCmd,CS_AppInit
CS1004,CS_EnableAllCSCmd,CS_BackgroundEeprom
CS1004,CS_EnableAllCSCmd,CS_AppInit
CS1004,CS_DisableAllCSCmd,CS_BackgroundEeprom
CS1004,CS_DisableAllCSCmd,CS_AppInit
CS1004,CS_EnableCfeCoreCmd,CS_BackgroundEeprom
CS1004,CS_EnableCfeCoreCmd,CS_AppInit
CS1004,CS_DisableCfeCoreCmd,CS_BackgroundEeprom
CS1004,CS_DisableCfeCoreCmd,CS_AppInit
CS1004,CS_ReportBaselineCfeCoreCmd,CS_BackgroundEeprom
CS1004,CS_ReportBaselineCfeCoreCmd,CS_AppInit
CS1004,CS_RecomputeBaselineCfeCoreCmd,CS_BackgroundEeprom
CS1004,CS_RecomputeBaselineCfeCoreCmd,CS_AppInit
CS1004,CS_EnableOSCmd,CS_BackgroundEeprom
CS1004,CS_EnableOSCmd,CS_AppInit
CS1004,CS_DisableOSCmd,CS_BackgroundEeprom
CS1004,CS_DisableOSCmd,CS_AppInit
CS1004,CS_ReportBaselineOSCmd,CS_BackgroundEeprom
CS1004,CS_ReportBaselineOSCmd,CS_AppInit
CS1004,CS_RecomputeBaselineOSCmd,CS_BackgroundEeprom
CS1004,CS_RecomputeBaselineOSCmd,CS_AppInit
CS1004,CS_EnableEepromCmd,CS_BackgroundEeprom
CS1004,CS_EnableEepromCmd,CS_AppInit
CS1004,CS_DisableEepromCmd,CS_BackgroundEeprom
CS1004,CS_DisableEepromCmd,CS_AppInit
CS1004,CS_ReportBaselineEntryIDEepromCmd,CS_BackgroundEeprom
CS1004,CS_ReportBaselineEntryIDEepromCmd,CS_AppInit
CS1004,CS_RecomputeBaselineEepromCmd,CS_BackgroundEeprom
CS1004,CS_RecomputeBaselineEepromCmd,CS_AppInit
CS1004,CS_EnableEntryIDEepromCmd,CS_BackgroundEeprom
CS1004,CS_EnableEntryIDEepromCmd,CS_AppInit
CS1004,CS_DisableEntryIDEepromCmd,CS_BackgroundEeprom
CS1004,CS_DisableEntryIDEepromCmd,CS_AppInit
CS1004,CS_GetEntryIDEepromCmd,CS_BackgroundEeprom
CS1004,CS_GetEntryIDEepromCmd,CS_AppInit
CS1004,CS_EnableMemoryCmd,CS_BackgroundEeprom
CS1004,CS_EnableMemoryCmd,CS_AppInit
CS1004,CS_DisableMemoryCmd,CS_BackgroundEeprom
CS1004,CS_DisableMemoryCmd,CS_AppInit
CS1004,CS_ReportBaselineEntryIDMemoryCmd,CS_BackgroundEeprom
CS1004,CS_ReportBaselineEntryIDMemoryCmd,CS_AppInit
CS1004,CS_RecomputeBaselineMemoryCmd,CS_BackgroundEeprom
CS1004,CS_RecomputeBaselineMemoryCmd,CS_AppInit
CS1004,CS_EnableEntryIDMemoryCmd,CS_BackgroundEeprom
CS1004,CS_EnableEntryIDMemoryCmd,CS_AppInit
CS1004,CS_DisableEntryIDMemoryCmd,CS_BackgroundEeprom
CS1004,CS_DisableEntryIDMemoryCmd,CS_AppInit
CS1004,CS_GetEntryIDMemoryCmd,CS_BackgroundEeprom
CS1004,CS_GetEntryIDMemoryCmd,CS_AppInit
CS1004,CS_EnableTablesCmd,CS_BackgroundEeprom
CS1004,CS_EnableTablesCmd,CS_AppInit
CS1004,CS_DisableTablesCmd,CS_BackgroundEeprom
CS1004,CS_DisableTablesCmd,CS_AppInit
CS1004,CS_ReportBaselineTableCmd,CS_BackgroundEeprom
CS1004,CS_ReportBaselineTableCmd,CS_AppInit
CS1004,CS_RecomputeBaselineTableCmd,CS_BackgroundEeprom
CS1004,CS_RecomputeBaselineTableCmd,CS_AppInit
CS1004,CS_EnableNameTableCmd,CS_BackgroundEeprom
CS1004,CS_EnableNameTableCmd,CS_AppInit
CS1004,CS_DisableNameTableCmd,CS_BackgroundEeprom
CS1004,CS_DisableNameTableCmd,CS_AppInit
CS1004,CS_EnableAppsCmd,CS_BackgroundEeprom
CS1004,CS_EnableAppsCmd,CS_AppInit
CS1004,CS_DisableAppsCmd,CS_BackgroundEeprom
CS1004,CS_DisableAppsCmd,CS_AppInit
CS1004,CS_ReportBaselineAppCmd,CS_BackgroundEeprom
CS1004,CS_ReportBaselineAppCmd,CS_AppInit
CS1004,CS_RecomputeBaselineAppCmd,CS_BackgroundEeprom
CS1004,CS_RecomputeBaselineAppCmd,CS_AppInit
CS1004,CS_EnableNameAppCmd,CS_BackgroundEeprom
CS1004,CS_EnableNameAppCmd,CS_AppInit
CS1005,CS_ComputeEepromMemory,CS_InitSegments
CS1005,CS_ComputeEepromMemory,CS_RecomputeBaselineOSCmd
CS1005,CS_ComputeTables,CS_InitSegments
CS1005,CS_ComputeTables,CS_RecomputeBaselineOSCmd
CS1005,CS_ComputeApp,CS_InitSegments
CS1005,CS_ComputeApp,CS_RecomputeBaselineOSCmd
CS1005,CS_OneShotChildTask,CS_InitSegments
CS1005,CS_OneShotChildTask,CS_RecomputeBaselineOSCmd
CS2001,CS_ComputeEepromMemory,CS_BackgroundOS
CS2001,CS_ComputeEepromMemory,CS_EnableOSCmd
CS2001,CS_BackgroundEeprom,CS_BackgroundOS
CS2001,CS_BackgroundEeprom,CS_EnableOSCmd
CS2001.1,CS_BackgroundEeprom,CS_OneShotChildTask
CS2001.1,CS_BackgroundEeprom,CS_BackgroundOS
CS2001.2,CS_BackgroundEeprom,CS_AppInit
CS2001.2,CS_BackgroundEeprom,CS_TableInit
CS2002,CS_EnableEepromCmd,CS_EnableNameAppCmd
CS2002,CS_EnableEepromCmd,CS_EnableNameTableCmd
CS2003,CS_DisableEepromCmd,CS_DisableNameAppCmd
CS2003,CS_DisableEepromCmd,CS_DisableNameTableCmd
CS2004,CS_EnableEntryIDEepromCmd,CS_EnableNameAppCmd
CS2004,CS_EnableEntryIDEepromCmd,CS_EnableNameTableCmd
CS2005,CS_DisableEntryIDEepromCmd,CS_DisableNameAppCmd
CS2005,CS_DisableEntryIDEepromCmd,CS_DisableNameTableCmd
CS2006,CS_RecomputeBaselineEepromCmd,CS_RecomputeBaselineOSCmd
CS2006,CS_RecomputeBaselineEepromCmd,CS_BackgroundOS
CS2006,CS_RecomputeEepromMemoryChildTask,CS_RecomputeBaselineOSCmd
CS2006,CS_RecomputeEepromMemoryChildTask,CS_BackgroundOS
CS2006.1,CS_RecomputeBaselineEepromCmd,CS_OneShotChildTask
CS2006.1,CS_RecomputeBaselineEepromCmd,CS_BackgroundCheckCycleCmd
CS2006.2,CS_RecomputeBaselineEepromCmd,CS_OneShotChildTask
CS2006.2,CS_RecomputeBaselineEepromCmd,CS_RecomputeAppChildTask
CS2006.2,CS_RecomputeEepromMemoryChildTask,CS_OneShotChildTask
CS2006.2,CS_RecomputeEepromMemoryChildTask,CS_RecomputeAppChildTask
CS2007,CS_ReportBaselineEntryIDEepromCmd,CS_BackgroundOS
CS2007,CS_ReportBaselineEntryIDEepromCmd,CS_InitSegments
CS2008,CS_GetEntryIDEepromCmd,CS_InitSegments
CS2008,CS_GetEntryIDEepromCmd,CS_HandleTableUpdate
CS2009,CS_GetEntryIDEepromCmd,CS_BackgroundOS
CS2009,CS_GetEntryIDEepromCmd,CS_BackgroundCfeCore
CS2009,CS_DisableEntryIDEepromCmd,CS_BackgroundOS
CS2009,CS_DisableEntryIDEepromCmd,CS_BackgroundCfeCore
CS2009,CS_EnableEntryIDEepromCmd,CS_BackgroundOS
CS2009,CS_EnableEntryIDEepromCmd,CS_BackgroundCfeCore
CS2009,CS_ReportBaselineEntryIDEepromCmd,CS_BackgroundOS
CS2009,CS_ReportBaselineEntryIDEepromCmd,CS_BackgroundCfeCore
CS2010,CS_BackgroundEeprom,CS_BackgroundCfeCore
CS2010,CS_BackgroundEeprom,CS_ComputeTables
CS3000,CS_BackgroundOS,CS_ReportBaselineOSCmd
CS3000,CS_BackgroundOS,CS_InitSegments
CS3000,CS_ComputeEepromMemory,CS_ReportBaselineOSCmd
CS3000,CS_ComputeEepromMemory,CS_InitSegments
CS3000.1,CS_BackgroundOS,CS_ReportBaselineOSCmd
CS3000.1,CS_BackgroundOS,CS_InitSegments
CS3002,CS_EnableOSCmd,CS_ReportBaselineOSCmd
CS3002,CS_EnableOSCmd,CS_InitSegments
CS3003,CS_DisableOSCmd,CS_ReportBaselineOSCmd
CS3003,CS_DisableOSCmd,CS_InitSegments
CS3004,CS_RecomputeBaselineOSCmd,CS_ReportBaselineOSCmd
CS3004,CS_RecomputeBaselineOSCmd,CS_InitSegments
CS3004.1,CS_RecomputeEepromMemoryChildTask,CS_OneShotChildTask
CS3004.1,CS_RecomputeEepromMemoryChildTask,CS_RecomputeAppChildTask
CS3004.1,CS_RecomputeBaselineOSCmd,CS_OneShotChildTask
CS3004.1,CS_RecomputeBaselineOSCmd,CS_RecomputeAppChildTask
CS3004.2,CS_RecomputeBaselineOSCmd,CS_OneShotChildTask
CS3004.2,CS_RecomputeBaselineOSCmd,CS_BackgroundCheckCycleCmd
CS3005,CS_ReportBaselineOSCmd,CS_RecomputeBaselineOSCmd
CS3005,CS_ReportBaselineOSCmd,CS_InitSegments
CS3006,CS_BackgroundCfeCore,CS_InitSegments
CS3006,CS_BackgroundCfeCore,CS_ReportBaselineCfeCoreCmd
CS3006,CS_ComputeEepromMemory,CS_InitSegments
CS3006,CS_ComputeEepromMemory,CS_ReportBaselineCfeCoreCmd
CS3006.1,CS_BackgroundCfeCore,CS_InitSegments
CS3006.1,CS_BackgroundCfeCore,CS_ReportBaselineCfeCoreCmd
CS3007,CS_EnableCfeCoreCmd,CS_InitSegments
CS3007,CS_EnableCfeCoreCmd,CS_ReportBaselineCfeCoreCmd
CS3008,CS_DisableCfeCoreCmd,CS_InitSegments
CS3008,CS_DisableCfeCoreCmd,CS_ReportBaselineCfeCoreCmd
CS3009,CS_RecomputeBaselineCfeCoreCmd,CS_RecomputeBaselineOSCmd
CS3009,CS_RecomputeBaselineCfeCoreCmd,CS_BackgroundCfeCore
CS3009,CS_RecomputeEepromMemoryChildTask,CS_RecomputeBaselineOSCmd
CS3009,CS_RecomputeEepromMemoryChildTask,CS_BackgroundCfeCore
CS3009.1,CS_RecomputeBaselineCfeCoreCmd,CS_OneShotChildTask
CS3009.1,CS_RecomputeBaselineCfeCoreCmd,CS_RecomputeAppChildTask
CS3009.1,CS_RecomputeEepromMemoryChildTask,CS_OneShotChildTask
CS3009.1,CS_RecomputeEepromMemoryChildTask,CS_RecomputeAppChildTask
CS3009.2,CS_RecomputeBaselineCfeCoreCmd,CS_OneShotChildTask
CS3009.2,CS_RecomputeBaselineCfeCoreCmd,CS_BackgroundCheckCycleCmd
CS3010,CS_ReportBaselineCfeCoreCmd,CS_InitSegments
CS3010,CS_ReportBaselineCfeCoreCmd,CS_ReportBaselineOSCmd
CS5000,CS_BackgroundTables,CS_BackgroundCheckCycleCmd
CS5000,CS_BackgroundTables,CS_RecomputeEepromMemoryChildTask
CS5000,CS_ComputeTables,CS_BackgroundCheckCycleCmd
CS5000,CS_ComputeTables,CS_RecomputeEepromMemoryChildTask
CS5000.1,CS_BackgroundTables,CS_BackgroundEeprom
CS5000.1,CS_BackgroundTables,CS_BackgroundCfeCore
CS5000.2,CS_ComputeTables,CS_ReportBaselineTableCmd
CS5000.2,CS_ComputeTables,CS_RecomputeBaselineTableCmd
CS5000.3,CS_ComputeTables,CS_BackgroundOS
CS5000.3,CS_ComputeTables,CS_BackgroundCfeCore
CS5001,CS_EnableTablesCmd,CS_EnableNameTableCmd
CS5001,CS_EnableTablesCmd,CS_EnableNameAppCmd
CS5002,CS_DisableTablesCmd,CS_DisableNameTableCmd
CS5002,CS_DisableTablesCmd,CS_DisableNameAppCmd
CS5003,CS_EnableNameTableCmd,CS_EnableNameAppCmd
CS5003,CS_EnableNameTableCmd,CS_EnableEntryIDMemoryCmd
CS5004,CS_DisableNameTableCmd,CS_DisableNameAppCmd
CS5004,CS_DisableNameTableCmd,CS_DisableEntryIDMemoryCmd
CS5005,CS_RecomputeBaselineTableCmd,CS_BackgroundCheckCycleCmd
CS5005,CS_RecomputeBaselineTableCmd,CS_RecomputeBaselineAppCmd
CS5005,CS_RecomputeTablesChildTask,CS_BackgroundCheckCycleCmd
CS5005,CS_RecomputeTablesChildTask,CS_RecomputeBaselineAppCmd
CS5005.1,CS_RecomputeTablesChildTask,CS_OneShotChildTask
CS5005.1,CS_RecomputeTablesChildTask,CS_RecomputeEepromMemoryChildTask
CS5005.2,CS_RecomputeBaselineTableCmd,CS_OneShotChildTask
CS5005.2,CS_RecomputeBaselineTableCmd,CS_BackgroundCheckCycleCmd
CS5006,CS_ReportBaselineTableCmd,CS_BackgroundEeprom
CS5006,CS_ReportBaselineTableCmd,CS_OneShotChildTask
CS5007,CS_EnableNameTableCmd,CS_BackgroundEeprom
CS5007,CS_EnableNameTableCmd,CS_BackgroundTables
CS5007,CS_DisableNameTableCmd,CS_BackgroundEeprom
CS5007,CS_DisableNameTableCmd,CS_BackgroundTables
CS5008,CS_GetAppResTblEntryByName,CS_ComputeTables
CS5008,CS_GetAppResTblEntryByName,CS_BackgroundCfeCore
CS5008,CS_ReportBaselineTableCmd,CS_ComputeTables
CS5008,CS_ReportBaselineTableCmd,CS_BackgroundCfeCore
CS5008,CS_RecomputeBaselineTableCmd,CS_ComputeTables
CS5008,CS_RecomputeBaselineTableCmd,CS_BackgroundCfeCore
CS5008,CS_DisableNameTableCmd,CS_ComputeTables
CS5008,CS_DisableNameTableCmd,CS_BackgroundCfeCore
CS5008,CS_EnableNameTableCmd,CS_ComputeTables
CS5008,CS_EnableNameTableCmd,CS_BackgroundCfeCore
CS6000,CS_BackgroundMemory,CS_BackgroundCheckCycleCmd
CS6000,CS_BackgroundMemory,CS_GetAppResTblEntryByName
CS6000,CS_ComputeEepromMemory,CS_BackgroundCheckCycleCmd
CS6000,CS_ComputeEepromMemory,CS_GetAppResTblEntryByName
CS6000.1,CS_BackgroundMemory,CS_OneShotChildTask
CS6000.1,CS_BackgroundMemory,CS_RecomputeBaselineTableCmd
CS6000.2,CS_ComputeEepromMemory,CS_BackgroundEeprom
CS6000.2,CS_ComputeEepromMemory,CS_RecomputeEepromMemoryChildTask
CS6001,CS_EnableMemoryCmd,CS_EnableEntryIDMemoryCmd
CS6001,CS_EnableMemoryCmd,CS_EnableNameAppCmd
CS6002,CS_DisableMemoryCmd,CS_DisableEntryIDMemoryCmd
CS6002,CS_DisableMemoryCmd,CS_DisableNameAppCmd
CS6003,CS_EnableEntryIDMemoryCmd,CS_EnableNameAppCmd
CS6003,CS_EnableEntryIDMemoryCmd,CS_EnableNameTableCmd
CS6004,CS_DisableEntryIDMemoryCmd,CS_DisableNameAppCmd
CS6004,CS_DisableEntryIDMemoryCmd,CS_DisableNameTableCmd
CS6005,CS_RecomputeBaselineMemoryCmd,CS_GetAppResTblEntryByName
CS6005,CS_RecomputeBaselineMemoryCmd,CS_RecomputeBaselineAppCmd
CS6005,CS_RecomputeEepromMemoryChildTask,CS_GetAppResTblEntryByName
CS6005,CS_RecomputeEepromMemoryChildTask,CS_RecomputeBaselineAppCmd
CS6005.1,CS_RecomputeEepromMemoryChildTask,CS_OneShotChildTask
CS6005.1,CS_RecomputeEepromMemoryChildTask,CS_RecomputeAppChildTask
CS6005.2,CS_RecomputeBaselineMemoryCmd,CS_OneShotChildTask
CS6005.2,CS_RecomputeBaselineMemoryCmd,CS_BackgroundCheckCycleCmd
CS6006,CS_ReportBaselineEntryIDMemoryCmd,CS_OneShotChildTask
CS6006,CS_ReportBaselineEntryIDMemoryCmd,CS_RecomputeBaselineAppCmd
CS6007,CS_EnableEntryIDMemoryCmd,CS_BackgroundCheckCycleCmd
CS6007,CS_EnableEntryIDMemoryCmd,CS_RecomputeBaselineAppCmd
CS6007,CS_DisableEntryIDMemoryCmd,CS_BackgroundCheckCycleCmd
CS6007,CS_DisableEntryIDMemoryCmd,CS_RecomputeBaselineAppCmd
CS6007,CS_GetEntryIDMemoryCmd,CS_BackgroundCheckCycleCmd
CS6007,CS_GetEntryIDMemoryCmd,CS_RecomputeBaselineAppCmd
CS6007,CS_ReportBaselineEntryIDMemoryCmd,CS_BackgroundCheckCycleCmd
CS6007,CS_ReportBaselineEntryIDMemoryCmd,CS_RecomputeBaselineAppCmd
CS6008,CS_EnableEntryIDMemoryCmd,CS_ComputeTables
CS6008,CS_EnableEntryIDMemoryCmd,CS_BackgroundCfeCore
CS6008,CS_DisableEntryIDMemoryCmd,CS_ComputeTables
CS6008,CS_DisableEntryIDMemoryCmd,CS_BackgroundCfeCore
CS6008,CS_GetEntryIDMemoryCmd,CS_ComputeTables
CS6008,CS_GetEntryIDMemoryCmd,CS_BackgroundCfeCore
CS6009,CS_GetEntryIDMemoryCmd,CS_HandleTableUpdate
CS6009,CS_GetEntryIDMemoryCmd,CS_BackgroundMemory
CS6009.1,CS_GetEntryIDMemoryCmd,CS_BackgroundEeprom
CS6009.1,CS_GetEntryIDMemoryCmd,CS_BackgroundMemory
CS7000,CS_ComputeTables,CS_OneShotChildTask
CS7000,CS_ComputeTables,CS_BackgroundCheckCycleCmd
CS7000,CS_ComputeApp,CS_OneShotChildTask
CS7000,CS_ComputeApp,CS_BackgroundCheckCycleCmd
CS7000,CS_ComputeEepromMemory,CS_OneShotChildTask
CS7000,CS_ComputeEepromMemory,CS_BackgroundCheckCycleCmd
CS9000,CS_SendHkCmd,CS_OneShotChildTask
CS9000,CS_SendHkCmd,CS_RecomputeBaselineOSCmd
CS9001,CS_AppInit,CS_BackgroundCfeCore
CS9001,CS_AppInit,CS_BackgroundOS
CS9002,CS_AppInit,CS_ReportBaselineOSCmd
CS9002,CS_AppInit,CS_RecomputeBaselineOSCmd
CS9002,CS_BackgroundCfeCore,CS_ReportBaselineOSCmd
CS9002,CS_BackgroundCfeCore,CS_RecomputeBaselineOSCmd
CS9002,CS_BackgroundOS,CS_ReportBaselineOSCmd
CS9002,CS_BackgroundOS,CS_RecomputeBaselineOSCmd
CS9002,CS_InitSegments,CS_ReportBaselineOSCmd
CS9002,CS_InitSegments,CS_RecomputeBaselineOSCmd
CS9003,CS_AppInit,CS_BackgroundCheckCycleCmd
CS9003,CS_AppInit,CS_BackgroundCfeCore
CS9003,CS_BackgroundEeprom,CS_BackgroundCheckCycleCmd
CS9003,CS_BackgroundEeprom,CS_BackgroundCfeCore
CS9003.1,CS_AppInit,CS_OneShotCmd
CS9003.1,CS_AppInit,CS_HandleTableUpdate
CS9003.1,CS_BackgroundEeprom,CS_OneShotCmd
CS9003.1,CS_BackgroundEeprom,CS_HandleTableUpdate
CS9003.2,CS_AppInit,CS_BackgroundOS
CS9003.2,CS_AppInit,CS_BackgroundCfeCore
CS9004,CS_AppInit,CS_BackgroundCheckCycleCmd
CS9004,CS_AppInit,CS_BackgroundCfeCore
CS9005,CS_AppInit,CS_BackgroundCfeCore
CS9005,CS_AppInit,CS_BackgroundApp
CS9005.1,CS_ValidateAppChecksumDefinitionTable,CS_BackgroundOS
CS9005.1,CS_ValidateAppChecksumDefinitionTable,CS_BackgroundCfeCore
CS9006,CS_AppInit,CS_RecomputeTablesChildTask
CS9006,CS_AppInit,CS_BackgroundCheckCycleCmd
CS9006,CS_BackgroundTables,CS_RecomputeTablesChildTask
CS9006,CS_BackgroundTables,CS_BackgroundCheckCycleCmd
CS9006.1,CS_AppInit,CS_BackgroundOS
CS9006.1,CS_AppInit,CS_BackgroundCfeCore
CS9007,CS_AppInit,CS_BackgroundCheckCycleCmd
CS9007,CS_AppInit,CS_RecomputeEepromMemoryChildTask
CS9007.1,CS_AppInit,CS_GetAppResTblEntryByName
CS9007.1,CS_AppInit,CS_BackgroundEeprom
CS9007.1,CS_BackgroundMemory,CS_GetAppResTblEntryByName
CS9007.1,CS_BackgroundMemory,CS_BackgroundEeprom
CS9007.2,CS_AppInit,CS_BackgroundOS
CS9007.2,CS_AppInit,CS_BackgroundCfeCore
CS9008,CS_AppInit,CS_InitSegments
CS9008,CS_AppInit,CS_EnableOSCmd
CS9008,CS_CreateRestoreStatesFromCDS,CS_InitSegments
CS9008,CS_CreateRestoreStatesFromCDS,CS_EnableOSCmd
CS9009,CS_AppInit,CS_BackgroundCheckCycleCmd
CS9009,CS_AppInit,CS_ResetCmd
CS9010,CS_AppInit,CS_ReportBaselineOSCmd
CS9010,CS_AppInit,CS_EnableOSCmd
CS9010,CS_BackgroundCfeCore,CS_ReportBaselineOSCmd
CS9010,CS_BackgroundCfeCore,CS_EnableOSCmd
CS9010,CS_BackgroundOS,CS_ReportBaselineOSCmd
CS9010,CS_BackgroundOS,CS_EnableOSCmd
CS9010,CS_InitSegments,CS_ReportBaselineOSCmd
CS9010,CS_InitSegments,CS_EnableOSCmd
CS9011,CS_AppInit,CS_BackgroundCheckCycleCmd
CS9011,CS_AppInit,CS_RecomputeEepromMemoryChildTask
CS9011,CS_BackgroundEeprom,CS_BackgroundCheckCycleCmd
CS9011,CS_BackgroundEeprom,CS_RecomputeEepromMemoryChildTask
CS9011.1,CS_AppInit,CS_BackgroundEeprom
CS9011.1,CS_AppInit,CS_OneShotCmd
CS9011.1,CS_ComputeEepromMemory,CS_BackgroundEeprom
CS9011.1,CS_ComputeEepromMemory,CS_OneShotCmd
CS9011.2,CS_AppInit,CS_BackgroundOS
CS9011.2,CS_AppInit,CS_BackgroundCfeCore
CS9012,CS_AppInit,CS_BackgroundCheckCycleCmd
CS9012,CS_AppInit,CS_ComputeTables
CS9013,CS_AppInit,CS_BackgroundCheckCycleCmd
CS9013,CS_AppInit,CS_BackgroundCfeCore
CS9013,CS_BackgroundApp,CS_BackgroundCheckCycleCmd
CS9013,CS_BackgroundApp,CS_BackgroundCfeCore
CS9013.1,CS_AppInit,CS_BackgroundOS
CS9013.1,CS_AppInit,CS_BackgroundCfeCore
CS9014,CS_AppInit,CS_BackgroundCheckCycleCmd
CS9014,CS_AppInit,CS_RecomputeTablesChildTask
CS9014,CS_BackgroundTables,CS_BackgroundCheckCycleCmd
CS9014,CS_BackgroundTables,CS_RecomputeTablesChildTask
CS9014.1,CS_AppInit,CS_BackgroundOS
CS9014.1,CS_AppInit,CS_BackgroundCfeCore
CS9015,CS_AppInit,CS_BackgroundCheckCycleCmd
CS9015,CS_AppInit,CS_BackgroundEeprom
CS9015,CS_BackgroundMemory,CS_BackgroundCheckCycleCmd
CS9015,CS_BackgroundMemory,CS_BackgroundEeprom
CS9015.1,CS_AppInit,CS_GetAppResTblEntryByName
CS9015.1,CS_AppInit,CS_BackgroundEeprom
CS9015.2,CS_AppInit,CS_BackgroundOS
CS9015.2,CS_AppInit,CS_BackgroundCfeCore
